"HomeTeam","AwayTeam","ActualHome","ActualAway","ActualResult","PredHomeGoals","PredAwayGoals","ProbHome","ProbDraw","ProbAway","PredResult","B365H","B365D","B365A","BookProbH","BookProbD","BookProbA","BookResult","HomeDisagree","DrawDisagree","AwayDisagree","MatchLabel"
"Genoa","Inter",2,2,"D",0.72,2.03,0.1216,0.1976,0.6759,"A",6.5,4,1.53,0.1455,0.2364,0.6181,"A",0.0239,0.0388,0.0578,"Genoa v Inter"
"Empoli","Monza",0,0,"D",1.14,1.32,0.321,0.2715,0.4068,"A",3.5,3.2,2.2,0.2714,0.2968,0.4318,"A",0.0496,0.0253,0.025,"Empoli v Monza"
"Milan","Torino",2,2,"D",1.57,0.76,0.5647,0.2533,0.1808,"H",2.5,3.2,3,0.3825,0.2988,0.3187,"H",0.1822,0.0455,0.1379,"Milan v Torino"
"Bologna","Udinese",1,1,"D",1.41,0.79,0.5165,0.2732,0.2097,"H",1.62,3.8,5.75,0.5855,0.2496,0.1649,"H",0.0690000000000001,0.0236,0.0448,"Bologna v Udinese"
"Verona","Napoli",3,0,"H",0.8,2.18,0.1241,0.1863,0.6825,"A",1.91,3.4,4.33,0.4993,0.2805,0.2202,"H",0.3752,0.0942,0.4623,"Verona v Napoli"
"Cagliari","Roma",0,0,"D",1.18,2,0.22,0.2152,0.56,"A",4.75,3.6,1.75,0.1987,0.2621,0.5392,"A",0.0213,0.0469,0.0208,"Cagliari v Roma"
"Lazio","Venezia",3,1,"H",1.91,0.56,0.696,0.2015,0.0989,"H",4.1,3.4,1.95,0.2321,0.2799,0.488,"A",0.4639,0.0784,0.3891,"Lazio v Venezia"
"Lecce","Atalanta",0,4,"A",0.75,1.76,0.1543,0.2293,0.614,"A",1.48,4.1,7.5,0.6417,0.2316,0.1266,"H",0.4874,0.0023,0.4874,"Lecce v Atalanta"
"Udinese","Lazio",2,1,"H",1.22,1.74,0.268,0.2362,0.4935,"A",4.2,3.7,1.85,0.227,0.2577,0.5153,"A",0.041,0.0215,0.0218,"Udinese v Lazio"
"Inter","Lecce",2,0,"H",2.01,0.46,0.7386,0.1827,0.074,"H",1.33,5,9.5,0.7112,0.1892,0.0996,"H",0.0274,0.00650000000000001,0.0256,"Inter v Lecce"
"Monza","Genoa",0,1,"A",1.33,0.84,0.4816,0.2822,0.2357,"H",4.75,3.9,1.7,0.1995,0.243,0.5575,"A",0.2821,0.0392,0.3218,"Monza v Genoa"
"Fiorentina","Venezia",0,0,"D",2.07,0.62,0.7072,0.1873,0.1001,"H",3.3,3.1,2.35,0.2883,0.3069,0.4048,"A",0.4189,0.1196,0.3047,"Fiorentina v Venezia"
"Torino","Atalanta",2,1,"H",0.88,1.13,0.2836,0.3043,0.4119,"A",1.2,7,13,0.7913,0.1357,0.073,"H",0.5077,0.1686,0.3389,"Torino v Atalanta"
"Napoli","Bologna",3,0,"H",1.84,1,0.5682,0.2264,0.2024,"H",2.6,3.1,2.88,0.3648,0.3059,0.3293,"H",0.2034,0.0795,0.1269,"Napoli v Bologna"
"Roma","Empoli",1,2,"A",1.62,0.64,0.6106,0.2439,0.1441,"H",1.42,4.75,7,0.6659,0.1991,0.1351,"H",0.0553,0.0448,0.00900000000000001,"Roma v Empoli"
"Verona","Juventus",0,3,"A",1,1.62,0.2327,0.248,0.5178,"A",3.2,3.1,2.38,0.2961,0.3057,0.3982,"A",0.0634,0.0577,0.1196,"Verona v Juventus"
"Venezia","Torino",0,1,"A",0.92,1.77,0.1941,0.2326,0.5709,"A",1.9,3.5,4.1,0.4984,0.2706,0.231,"H",0.3043,0.038,0.3399,"Venezia v Torino"
"Inter","Atalanta",4,0,"H",1.83,0.94,0.5802,0.2263,0.1906,"H",1.5,4.33,6.5,0.634,0.2196,0.1463,"H",0.0538,0.00670000000000001,0.0443,"Inter v Atalanta"
"Bologna","Empoli",1,1,"D",1.44,0.64,0.5662,0.2688,0.1643,"H",2.1,3.4,3.4,0.4474,0.2763,0.2763,"H",0.1188,0.00750000000000001,0.112,"Bologna v Empoli"
"Lecce","Cagliari",1,0,"H",1.19,0.8,0.4487,0.3015,0.2495,"H",5.25,3.75,1.67,0.1804,0.2525,0.5671,"A",0.2683,0.049,0.3176,"Lecce v Cagliari"
"Lazio","Milan",2,2,"D",1.52,1.46,0.3922,0.2438,0.3622,"H",3.4,3.3,2.2,0.2797,0.2881,0.4322,"A",0.1125,0.0443,0.07,"Lazio v Milan"
"Fiorentina","Monza",2,2,"D",1.84,0.94,0.5828,0.2258,0.1885,"H",1.57,4.33,5.5,0.6068,0.22,0.1732,"H",0.024,0.0058,0.0153,"Fiorentina v Monza"
"Genoa","Verona",0,2,"A",1.12,1.01,0.3814,0.2965,0.3218,"H",1.62,3.75,6,0.5875,0.2538,0.1586,"H",0.2061,0.0427,0.1632,"Genoa v Verona"
"Juventus","Roma",0,0,"D",1.45,0.82,0.52,0.2673,0.2119,"H",2.25,3.2,3.4,0.4229,0.2973,0.2798,"H",0.0971,0.03,0.0679,"Juventus v Roma"
"Empoli","Juventus",0,0,"D",0.84,1.76,0.1768,0.2324,0.5886,"A",2.9,3.4,2.4,0.3267,0.2786,0.3947,"A",0.1499,0.0462,0.1939,"Empoli v Juventus"
"Milan","Venezia",4,0,"H",2.11,0.48,0.7507,0.1721,0.0711,"H",1.48,4.33,7,0.6438,0.2201,0.1361,"H",0.1069,0.048,0.065,"Milan v Venezia"
"Genoa","Roma",1,1,"D",1.01,1.45,0.2622,0.265,0.472,"A",1.67,3.9,5,0.5675,0.243,0.1895,"H",0.3053,0.022,0.2825,"Genoa v Roma"
"Atalanta","Fiorentina",3,2,"H",1.79,1.21,0.5079,0.2321,0.2573,"H",2,3.3,4,0.4748,0.2878,0.2374,"H",0.0331,0.0557,0.0199,"Atalanta v Fiorentina"
"Torino","Lecce",0,0,"D",0.97,0.55,0.4439,0.3523,0.2038,"H",1.75,3.6,5,0.5446,0.2648,0.1906,"H",0.1007,0.0875,0.0132,"Torino v Lecce"
"Cagliari","Napoli",0,4,"A",0.75,2.56,0.0868,0.1481,0.7491,"A",2.05,3.4,3.75,0.4652,0.2805,0.2543,"H",0.3784,0.1324,0.4948,"Cagliari v Napoli"
"Monza","Inter",1,1,"D",0.84,2.07,0.1419,0.1991,0.6536,"A",3,3.25,2.45,0.3177,0.2933,0.389,"A",0.1758,0.0942,0.2646,"Monza v Inter"
"Lazio","Verona",2,1,"H",1.77,0.81,0.5989,0.2301,0.1685,"H",5.25,3.6,1.7,0.1803,0.2629,0.5568,"A",0.4186,0.0328,0.3883,"Lazio v Verona"
"Cagliari","Empoli",0,2,"A",1.27,1.24,0.3708,0.2692,0.3594,"H",1.3,5.75,9,0.7296,0.165,0.1054,"H",0.3588,0.1042,0.254,"Cagliari v Empoli"
"Verona","Torino",2,3,"A",1.13,1.29,0.3239,0.2745,0.4011,"A",3.25,3.3,2.25,0.2916,0.2872,0.4212,"A",0.0323,0.0127,0.0201,"Verona v Torino"
"Venezia","Genoa",2,0,"H",1.16,1.33,0.3261,0.2696,0.4037,"A",1.8,3.6,4.5,0.5263,0.2632,0.2105,"H",0.2002,0.00640000000000002,0.1932,"Venezia v Genoa"
"Juventus","Napoli",0,0,"D",0.93,1.05,0.3121,0.3098,0.378,"A",1.8,3.5,4.75,0.5282,0.2716,0.2002,"H",0.2161,0.0382,0.1778,"Juventus v Napoli"
"Fiorentina","Lazio",2,1,"H",1.56,1.43,0.407,0.2431,0.3481,"H",4.33,3.75,1.8,0.2193,0.2532,0.5275,"A",0.1877,0.0101,0.1794,"Fiorentina v Lazio"
"Monza","Bologna",1,2,"A",1.31,1.24,0.3832,0.2663,0.3498,"H",8,4.75,1.4,0.1191,0.2005,0.6804,"A",0.2641,0.0658,0.3306,"Monza v Bologna"
"Roma","Udinese",3,0,"H",1.58,0.79,0.561,0.2518,0.186,"H",2.25,3.4,3.2,0.4229,0.2798,0.2973,"H",0.1381,0.028,0.1113,"Roma v Udinese"
"Inter","Milan",1,2,"A",2.03,1.05,0.5954,0.2105,0.1892,"H",1.62,3.8,6,0.5895,0.2513,0.1592,"H",0.00590000000000002,0.0408,0.03,"Inter v Milan"
"Milan","Lecce",3,0,"H",1.67,0.55,0.6458,0.2339,0.1186,"H",2.15,3.4,3.4,0.4416,0.2792,0.2792,"H",0.2042,0.0453,0.1606,"Milan v Lecce"
"Udinese","Inter",2,3,"A",0.96,2.24,0.1474,0.1879,0.6564,"A",2.7,3,2.8,0.3491,0.3142,0.3367,"H",0.2017,0.1263,0.3197,"Udinese v Inter"
"Genoa","Juventus",0,3,"A",0.8,1.38,0.2169,0.2774,0.5052,"A",3.25,3.2,2.35,0.2942,0.2988,0.4069,"A",0.0773,0.0214,0.0983,"Genoa v Juventus"
"Bologna","Atalanta",1,1,"D",1.17,1.15,0.3623,0.2824,0.3549,"H",2.2,3.4,3.3,0.4322,0.2797,0.2881,"H",0.0699,0.00269999999999998,0.0668,"Bologna v Atalanta"
"Torino","Lazio",2,3,"A",0.92,1.09,0.3027,0.3058,0.3914,"A",2.2,3.5,3.25,0.4337,0.2726,0.2936,"H",0.131,0.0332,0.0978,"Torino v Lazio"
"Roma","Venezia",2,1,"H",1.82,0.49,0.695,0.21,0.0923,"H",2.25,3.4,3.2,0.4229,0.2798,0.2973,"H",0.2721,0.0698,0.205,"Roma v Venezia"
"Empoli","Fiorentina",0,0,"D",1.05,1.53,0.2595,0.2559,0.4834,"A",3.3,3.1,2.4,0.2907,0.3095,0.3998,"A",0.0312,0.0536,0.0836,"Empoli v Fiorentina"
"Napoli","Monza",2,0,"H",1.77,0.85,0.5893,0.2312,0.1771,"H",1.62,4.2,5.25,0.5902,0.2277,0.1821,"H",0.000899999999999901,0.00349999999999998,0.005,"Napoli v Monza"
"Verona","Venezia",2,1,"H",1.52,0.81,0.5398,0.2594,0.1998,"H",1.65,4,5.25,0.5791,0.2389,0.182,"H",0.0393,0.0205,0.0178,"Verona v Venezia"
"Udinese","Lecce",1,0,"H",1.28,0.88,0.4572,0.2869,0.2556,"H",1.44,4.5,7,0.6554,0.2097,0.1348,"H",0.1982,0.0772,0.1208,"Udinese v Lecce"
"Atalanta","Genoa",5,1,"H",2.05,0.83,0.6529,0.2007,0.1412,"H",1.33,5.75,8,0.7155,0.1655,0.119,"H",0.0626,0.0352,0.0222,"Atalanta v Genoa"
"Inter","Torino",3,2,"H",1.89,0.64,0.67,0.2093,0.1174,"H",7,4.33,1.48,0.1361,0.2201,0.6438,"A",0.5339,0.0108,0.5264,"Inter v Torino"
"Juventus","Cagliari",1,1,"D",2.01,0.42,0.7493,0.1794,0.0666,"H",5.5,3.5,1.7,0.1722,0.2706,0.5572,"A",0.5771,0.0912,0.4906,"Juventus v Cagliari"
"Lazio","Empoli",2,1,"H",1.71,0.73,0.6072,0.2351,0.1557,"H",3,3.3,2.4,0.3165,0.2878,0.3957,"A",0.2907,0.0527,0.24,"Lazio v Empoli"
"Monza","Roma",1,1,"D",1.18,1.48,0.3016,0.2573,0.4401,"A",2.9,3.1,2.55,0.3254,0.3044,0.3701,"A",0.0238,0.0471,0.07,"Monza v Roma"
"Fiorentina","Milan",2,1,"H",1.65,1.63,0.3862,0.2309,0.3798,"H",2.1,3.4,3.6,0.4543,0.2806,0.265,"H",0.0681,0.0497,0.1148,"Fiorentina v Milan"
"Genoa","Bologna",2,2,"D",1.12,1.22,0.3364,0.2804,0.3828,"A",1.4,4.75,8,0.6804,0.2005,0.1191,"H",0.344,0.0799,0.2637,"Genoa v Bologna"
"Milan","Udinese",1,0,"H",1.84,0.77,0.6244,0.2211,0.1516,"H",3.4,3.3,2.2,0.2797,0.2881,0.4322,"A",0.3447,0.067,0.2806,"Milan v Udinese"
"Juventus","Lazio",1,0,"H",1.32,0.89,0.4662,0.2814,0.2519,"H",1.36,5,8.5,0.6983,0.1899,0.1117,"H",0.2321,0.0915,0.1402,"Juventus v Lazio"
"Empoli","Napoli",0,1,"A",0.68,2.37,0.0883,0.1607,0.7402,"A",2.1,3.6,3.4,0.4543,0.265,0.2806,"H",0.366,0.1043,0.4596,"Empoli v Napoli"
"Lecce","Fiorentina",0,6,"A",0.85,1.3,0.2428,0.2853,0.4715,"A",1.45,4.33,7,0.6485,0.2172,0.1343,"H",0.4057,0.0681,0.3372,"Lecce v Fiorentina"
"Venezia","Atalanta",0,2,"A",0.9,2.62,0.1046,0.1524,0.7249,"A",2.5,3.2,2.9,0.3783,0.2956,0.3261,"H",0.2737,0.1432,0.3988,"Venezia v Atalanta"
"Cagliari","Torino",3,2,"H",1.05,1.51,0.2641,0.2576,0.4773,"A",2.2,3.3,3.3,0.4286,0.2857,0.2857,"H",0.1645,0.0281,0.1916,"Cagliari v Torino"
"Roma","Inter",0,1,"A",1.07,1.44,0.2817,0.2638,0.4537,"A",1.45,4.75,6.5,0.6543,0.1997,0.146,"H",0.3726,0.0641,0.3077,"Roma v Inter"
"Verona","Monza",0,3,"A",1.35,1.22,0.3982,0.2654,0.3357,"H",1.3,5,11,0.7256,0.1887,0.0858,"H",0.3274,0.0767,0.2499,"Verona v Monza"
"Udinese","Cagliari",2,0,"H",1.85,0.82,0.6153,0.2211,0.1605,"H",1.38,5,8,0.6904,0.1905,0.1191,"H",0.0751000000000001,0.0306,0.0414,"Udinese v Cagliari"
"Napoli","Lecce",1,0,"H",1.58,0.65,0.5956,0.2504,0.1528,"H",1.8,3.7,4.33,0.5257,0.2558,0.2185,"H",0.0699000000000001,0.00540000000000002,0.0657,"Napoli v Lecce"
"Atalanta","Verona",6,1,"H",2.03,1.01,0.6033,0.2096,0.1821,"H",1.57,4,6,0.6045,0.2373,0.1582,"H",0.00120000000000009,0.0277,0.0239,"Atalanta v Verona"
"Lazio","Genoa",3,0,"H",1.79,0.66,0.6425,0.2226,0.1324,"H",4.2,3.4,1.91,0.2255,0.2786,0.4959,"A",0.417,0.056,0.3635,"Lazio v Genoa"
"Monza","Venezia",2,2,"D",1.42,0.7,0.5423,0.2723,0.1847,"H",3.1,3.6,2.2,0.3058,0.2633,0.4309,"A",0.2365,0.00900000000000001,0.2462,"Monza v Venezia"
"Inter","Juventus",4,4,"D",1.67,0.8,0.5792,0.2414,0.1777,"H",1.95,3.6,3.8,0.4867,0.2636,0.2497,"H",0.0925,0.0222,0.072,"Inter v Juventus"
"Fiorentina","Roma",5,1,"H",1.72,1.31,0.4674,0.2364,0.2937,"H",3.75,3.1,2.15,0.2529,0.3059,0.4411,"A",0.2145,0.0695,0.1474,"Fiorentina v Roma"
"Cagliari","Bologna",0,2,"A",1.31,1.68,0.2994,0.2386,0.4597,"A",1.38,4.75,8.5,0.6883,0.2,0.1117,"H",0.3889,0.0386,0.348,"Cagliari v Bologna"
"Lecce","Verona",1,0,"H",0.96,1.09,0.314,0.303,0.3828,"A",2.05,3.3,3.8,0.4628,0.2875,0.2497,"H",0.1488,0.0155,0.1331,"Lecce v Verona"
"Milan","Napoli",0,2,"A",1.11,1.29,0.3199,0.2753,0.4043,"A",6,3.5,1.67,0.1586,0.2718,0.5696,"A",0.1613,0.0035,0.1653,"Milan v Napoli"
"Empoli","Inter",0,3,"A",0.76,2.59,0.0865,0.1464,0.7502,"A",3.2,3.3,2.3,0.2975,0.2885,0.414,"A",0.211,0.1421,0.3362,"Empoli v Inter"
"Venezia","Udinese",3,2,"H",1.08,1.8,0.2274,0.2315,0.5384,"A",5.5,4,1.62,0.1733,0.2383,0.5884,"A",0.0541,0.0068,0.05,"Venezia v Udinese"
"Atalanta","Monza",2,0,"H",1.94,1.04,0.5803,0.2178,0.1979,"H",2.8,3.1,2.7,0.3401,0.3072,0.3527,"A",0.2402,0.0894,0.1548,"Atalanta v Monza"
"Genoa","Fiorentina",0,1,"A",0.99,1.2,0.3027,0.2899,0.4071,"A",4.2,3.7,1.85,0.227,0.2577,0.5153,"A",0.0757,0.0322,0.1082,"Genoa v Fiorentina"
"Roma","Torino",1,0,"H",1.35,0.78,0.5026,0.2814,0.2155,"H",2.3,3,3.5,0.4126,0.3163,0.2711,"H",0.09,0.0349,0.0556,"Roma v Torino"
"Bologna","Lecce",1,0,"H",1.28,0.56,0.5411,0.2948,0.1636,"H",2.2,3.3,3.3,0.4286,0.2857,0.2857,"H",0.1125,0.0091,0.1221,"Bologna v Lecce"
"Udinese","Juventus",0,2,"A",1.06,1.52,0.2643,0.2565,0.478,"A",2.63,3,2.9,0.3593,0.3149,0.3258,"H",0.095,0.0584,0.1522,"Udinese v Juventus"
"Monza","Milan",0,1,"A",1.13,1.84,0.2325,0.2282,0.5362,"A",1.25,6,12,0.7619,0.1587,0.0794,"H",0.5294,0.0695,0.4568,"Monza v Milan"
"Napoli","Atalanta",0,3,"A",1.44,1.34,0.3953,0.2539,0.3496,"H",1.38,4.75,8,0.6835,0.1986,0.1179,"H",0.2882,0.0553,0.2317,"Napoli v Atalanta"
"Torino","Fiorentina",0,1,"A",1,0.83,0.3832,0.3235,0.2932,"H",2.15,3.3,3.5,0.4413,0.2875,0.2711,"H",0.0581,0.036,0.0221,"Torino v Fiorentina"
"Verona","Roma",3,2,"H",1.26,1.7,0.2829,0.2382,0.4766,"A",1.53,4.2,6.25,0.6215,0.2264,0.1521,"H",0.3386,0.0118,0.3245,"Verona v Roma"
"Inter","Venezia",1,0,"H",2.55,0.4,0.8228,0.1213,0.0403,"H",2.15,3.25,3.6,0.4427,0.2929,0.2644,"H",0.3801,0.1716,0.2241,"Inter v Venezia"
"Lazio","Cagliari",2,1,"H",2.19,0.6,0.7332,0.1725,0.0869,"H",1.72,3.5,5,0.5448,0.2677,0.1874,"H",0.1884,0.0952,0.1005,"Lazio v Cagliari"
"Lecce","Empoli",1,1,"D",0.92,0.98,0.3272,0.318,0.3547,"A",2.55,3.4,2.75,0.3735,0.2801,0.3463,"H",0.0463,0.0379,0.00840000000000002,"Lecce v Empoli"
"Cagliari","Milan",3,3,"D",1.13,2.49,0.1547,0.1751,0.6562,"A",3,3.25,2.35,0.3125,0.2885,0.399,"A",0.1578,0.1134,0.2572,"Cagliari v Milan"
"Juventus","Torino",2,0,"H",1.3,0.62,0.532,0.2903,0.1774,"H",2.25,3.25,3.25,0.4194,0.2903,0.2903,"H",0.1126,0,0.1129,"Juventus v Torino"
"Atalanta","Udinese",2,1,"H",1.91,1.12,0.5541,0.2221,0.2201,"H",2.45,3.4,2.8,0.3853,0.2776,0.3371,"H",0.1688,0.0555,0.117,"Atalanta v Udinese"
"Fiorentina","Verona",3,1,"H",1.92,0.91,0.6053,0.2173,0.1737,"H",7.5,4.33,1.44,0.1259,0.2181,0.6559,"A",0.4794,0.000799999999999995,0.4822,"Fiorentina v Verona"
"Roma","Bologna",2,3,"A",1.68,0.86,0.5652,0.2413,0.1917,"H",2.7,3.25,2.65,0.3509,0.2915,0.3575,"A",0.2143,0.0502,0.1658,"Roma v Bologna"
"Monza","Lazio",0,1,"A",1.07,1.6,0.2533,0.249,0.4963,"A",1.3,5,10,0.7194,0.1871,0.0935,"H",0.4661,0.0619,0.4028,"Monza v Lazio"
"Inter","Napoli",1,1,"D",1.34,1.08,0.427,0.2723,0.3,"H",1.4,4.75,8,0.6804,0.2005,0.1191,"H",0.2534,0.0718,0.1809,"Inter v Napoli"
"Verona","Inter",0,5,"A",0.9,2.39,0.1236,0.1723,0.6926,"A",4.2,3.9,1.8,0.2267,0.2442,0.5291,"A",0.1031,0.0719,0.1635,"Verona v Inter"
"Milan","Juventus",0,0,"D",1.39,0.96,0.4674,0.2725,0.2594,"H",2.88,3.3,2.45,0.3281,0.2863,0.3856,"A",0.1393,0.0138,0.1262,"Milan v Juventus"
"Genoa","Cagliari",2,2,"D",1.39,0.74,0.5236,0.2763,0.1995,"H",1.7,3.8,5,0.5595,0.2503,0.1902,"H",0.0359,0.026,0.0093,"Genoa v Cagliari"
"Torino","Monza",1,1,"D",1.09,0.72,0.4396,0.3204,0.2399,"H",1.62,3.5,6.5,0.5841,0.2703,0.1456,"H",0.1445,0.0501,0.0943,"Torino v Monza"
"Napoli","Roma",1,0,"H",1.65,1.19,0.4796,0.2433,0.2752,"H",4.2,3.2,1.95,0.2239,0.2939,0.4822,"A",0.2557,0.0506,0.207,"Napoli v Roma"
"Lazio","Bologna",3,0,"H",1.77,0.98,0.5562,0.2332,0.2082,"H",5,3.6,1.7,0.1876,0.2606,0.5518,"A",0.3686,0.0274,0.3436,"Lazio v Bologna"
"Empoli","Udinese",1,1,"D",1.12,1.42,0.2967,0.2641,0.4384,"A",2.05,3.4,3.7,0.4636,0.2795,0.2569,"H",0.1669,0.0154,0.1815,"Empoli v Udinese"
"Venezia","Lecce",0,1,"A",0.98,1.28,0.2844,0.282,0.4331,"A",3.2,3.3,2.25,0.2948,0.2859,0.4193,"A",0.0104,0.00390000000000001,0.0138,"Venezia v Lecce"
"Cagliari","Verona",1,0,"H",1.31,1.39,0.3531,0.2577,0.3882,"A",5,3.5,1.8,0.1921,0.2744,0.5335,"A",0.161,0.0167,0.1453,"Cagliari v Verona"
"Milan","Empoli",3,0,"H",1.89,0.63,0.672,0.2092,0.1155,"H",1.17,7,15,0.8031,0.1342,0.0626,"H",0.1311,0.075,0.0529,"Milan v Empoli"
"Bologna","Venezia",3,0,"H",1.62,0.49,0.6521,0.2384,0.108,"H",2.7,3.1,2.63,0.3451,0.3006,0.3543,"A",0.307,0.0622,0.2463,"Bologna v Venezia"
"Udinese","Genoa",0,2,"A",1.51,0.91,0.5134,0.2596,0.226,"H",1.85,3.4,4.33,0.5073,0.276,0.2167,"H",0.00609999999999999,0.0164,0.0093,"Udinese v Genoa"
"Torino","Napoli",0,1,"A",0.64,1.29,0.1866,0.2924,0.5207,"A",1.5,3.75,7.5,0.625,0.25,0.125,"H",0.4384,0.0424,0.3957,"Torino v Napoli"
"Lecce","Juventus",1,1,"D",0.68,1.49,0.1693,0.2622,0.5675,"A",2.88,3.3,2.45,0.3281,0.2863,0.3856,"A",0.1588,0.0241,0.1819,"Lecce v Juventus"
"Roma","Atalanta",0,2,"A",1.31,1.15,0.4015,0.2716,0.3263,"H",2.4,3,3.3,0.3957,0.3165,0.2878,"H",0.00580000000000003,0.0449,0.0385,"Roma v Atalanta"
"Atalanta","Milan",2,1,"H",1.74,1.81,0.3735,0.2207,0.401,"A",2.55,3.4,2.7,0.3711,0.2784,0.3505,"H",0.00240000000000001,0.0577,0.0505,"Atalanta v Milan"
"Genoa","Torino",0,0,"D",0.9,1.09,0.2959,0.307,0.3969,"A",5.5,4.1,1.6,0.173,0.2321,0.5948,"A",0.1229,0.0749,0.1979,"Genoa v Torino"
"Juventus","Bologna",2,2,"D",1.62,0.69,0.5973,0.2448,0.1565,"H",1.57,3.8,6.5,0.6043,0.2497,0.146,"H",0.0069999999999999,0.00490000000000002,0.0105,"Juventus v Bologna"
"Roma","Lecce",4,1,"H",1.44,0.56,0.5848,0.2693,0.1452,"H",1.38,5,7.5,0.6849,0.189,0.126,"H",0.1001,0.0803,0.0192,"Roma v Lecce"
"Fiorentina","Cagliari",1,0,"H",2.37,0.67,0.7421,0.1597,0.0872,"H",1.44,4.5,7,0.6554,0.2097,0.1348,"H",0.0867,0.05,0.0476,"Fiorentina v Cagliari"
"Verona","Empoli",1,4,"A",1.36,1.06,0.4352,0.2718,0.2924,"H",2.05,3.4,3.6,0.4603,0.2775,0.2621,"H",0.0251,0.00570000000000004,0.0303,"Verona v Empoli"
"Napoli","Lazio",0,1,"A",1.5,1.29,0.4206,0.2516,0.3265,"H",4.1,3.8,1.83,0.2315,0.2498,0.5187,"A",0.1891,0.0018,0.1922,"Napoli v Lazio"
"Monza","Udinese",1,2,"A",1.24,1.14,0.3857,0.278,0.3358,"H",1.85,3.7,4.1,0.5125,0.2562,0.2313,"H",0.1268,0.0218,0.1045,"Monza v Udinese"
"Empoli","Torino",0,1,"A",0.95,1.4,0.2563,0.2715,0.4715,"A",7,5.25,1.38,0.135,0.18,0.6849,"A",0.1213,0.0915,0.2134,"Empoli v Torino"
"Cagliari","Atalanta",0,1,"A",1.02,2.24,0.1599,0.1906,0.641,"A",2.15,3.3,3.5,0.4413,0.2875,0.2711,"H",0.2814,0.0969,0.3699,"Cagliari v Atalanta"
"Udinese","Napoli",1,3,"A",0.85,2.05,0.1466,0.2019,0.6463,"A",5,4.2,1.62,0.1895,0.2256,0.5849,"A",0.0429,0.0237,0.0614,"Udinese v Napoli"
"Juventus","Venezia",2,2,"D",1.76,0.39,0.7103,0.2117,0.0758,"H",2.63,3.1,2.9,0.3629,0.3079,0.3291,"H",0.3474,0.0962,0.2533,"Juventus v Venezia"
"Lecce","Monza",2,1,"H",0.92,1.12,0.2965,0.3028,0.4005,"A",3.3,3.1,2.3,0.2858,0.3042,0.41,"A",0.0107,0.00140000000000001,0.00949999999999995,"Lecce v Monza"
"Bologna","Fiorentina",1,0,"H",1.32,0.85,0.4764,0.2827,0.2405,"H",2,3,4.33,0.4698,0.3132,0.217,"H",0.00659999999999999,0.0305,0.0235,"Bologna v Fiorentina"
"Milan","Genoa",0,0,"D",1.98,0.57,0.7038,0.1949,0.097,"H",1.73,3.6,5,0.5475,0.2631,0.1894,"H",0.1563,0.0682,0.0924,"Milan v Genoa"
"Lazio","Inter",0,6,"A",1.13,1.64,0.2628,0.245,0.4905,"A",1.9,3.5,4.2,0.5012,0.2721,0.2267,"H",0.2384,0.0271,0.2638,"Lazio v Inter"
"Verona","Milan",0,1,"A",1.21,2.12,0.2114,0.2063,0.5759,"A",2.8,2.9,2.8,0.3372,0.3256,0.3372,"A",0.1258,0.1193,0.2387,"Verona v Milan"
"Torino","Bologna",0,2,"A",1.13,0.85,0.4216,0.3062,0.272,"H",2.3,3.25,3.2,0.4121,0.2917,0.2962,"H",0.00949999999999995,0.0145,0.0242,"Torino v Bologna"
"Genoa","Napoli",1,2,"A",0.64,1.85,0.1214,0.2139,0.6616,"A",1.91,3.4,4.1,0.4932,0.2771,0.2298,"H",0.3718,0.0632,0.4318,"Genoa v Napoli"
"Lecce","Lazio",1,2,"A",0.78,1.7,0.1687,0.237,0.5923,"A",2,3.25,3.9,0.4699,0.2892,0.241,"H",0.3012,0.0522,0.3513,"Lecce v Lazio"
"Venezia","Cagliari",2,1,"H",1.42,1.2,0.4216,0.2606,0.3168,"H",1.36,4.75,9,0.6957,0.1992,0.1051,"H",0.2741,0.0614,0.2117,"Venezia v Cagliari"
"Atalanta","Empoli",3,2,"H",1.96,0.91,0.6149,0.2132,0.1678,"H",1.65,3.9,5.25,0.5756,0.2435,0.1809,"H",0.0393,0.0303,0.0131,"Atalanta v Empoli"
"Monza","Juventus",1,2,"A",0.93,1.41,0.2495,0.271,0.4788,"A",2,3.3,4,0.4748,0.2878,0.2374,"H",0.2253,0.0168,0.2414,"Monza v Juventus"
"Fiorentina","Udinese",1,2,"A",1.81,1.01,0.5579,0.2302,0.2092,"H",4.2,3.8,1.8,0.2253,0.249,0.5257,"A",0.3326,0.0188,0.3165,"Fiorentina v Udinese"
"Empoli","Genoa",1,2,"A",1.2,1.05,0.3946,0.2865,0.3185,"H",5,3.4,1.8,0.1905,0.2802,0.5293,"A",0.2041,0.00629999999999997,0.2108,"Empoli v Genoa"
"Cagliari","Inter",0,3,"A",0.84,2.81,0.0846,0.1349,0.7558,"A",5.25,3.6,1.7,0.1803,0.2629,0.5568,"A",0.0957,0.128,0.199,"Cagliari v Inter"
"Lazio","Atalanta",1,1,"D",1.38,1.31,0.3857,0.2585,0.3549,"H",3.2,3.5,2.2,0.2968,0.2714,0.4318,"A",0.0889,0.0129,0.0769,"Lazio v Atalanta"
"Udinese","Torino",2,2,"D",1.2,1.21,0.3596,0.2759,0.3641,"A",1.18,7,15,0.8018,0.1352,0.0631,"H",0.4422,0.1407,0.301,"Udinese v Torino"
"Napoli","Venezia",1,0,"H",1.99,0.57,0.7082,0.1925,0.0949,"H",2.15,3.4,3.3,0.4379,0.2769,0.2853,"H",0.2703,0.0844,0.1904,"Napoli v Venezia"
"Juventus","Fiorentina",2,2,"D",1.44,0.68,0.5521,0.2703,0.1769,"H",2.5,3.1,3,0.3788,0.3055,0.3157,"H",0.1733,0.0352,0.1388,"Juventus v Fiorentina"
"Milan","Roma",1,1,"D",1.75,1.01,0.546,0.2355,0.2162,"H",1.7,3.6,5.25,0.5568,0.2629,0.1803,"H",0.0107999999999999,0.0274,0.0359,"Milan v Roma"
"Bologna","Verona",2,3,"A",1.5,0.71,0.5594,0.262,0.1777,"H",1.57,4,6.25,0.6084,0.2388,0.1528,"H",0.049,0.0232,0.0249,"Bologna v Verona"
"Venezia","Empoli",1,1,"D",1.11,1.46,0.2883,0.2613,0.4495,"A",1.5,4.5,6,0.6316,0.2105,0.1579,"H",0.3433,0.0508,0.2916,"Venezia v Empoli"
"Fiorentina","Napoli",0,3,"A",1.09,1.68,0.2466,0.2418,0.5097,"A",2.63,2.75,3.25,0.3616,0.3458,0.2926,"H",0.115,0.104,0.2171,"Fiorentina v Napoli"
"Verona","Udinese",0,0,"D",1.32,1.31,0.3721,0.262,0.365,"H",2.75,3.3,2.6,0.3459,0.2882,0.3659,"A",0.0262,0.0262,0.000900000000000012,"Verona v Udinese"
"Monza","Cagliari",1,2,"A",1.63,0.76,0.5804,0.2458,0.1723,"H",1.9,3.4,4.33,0.5006,0.2797,0.2197,"H",0.0798,0.0339,0.0474,"Monza v Cagliari"
"Lecce","Genoa",0,0,"D",0.97,0.89,0.3603,0.322,0.3176,"H",2.7,3,2.88,0.3524,0.3172,0.3304,"H",0.00790000000000002,0.00480000000000003,0.0128,"Lecce v Genoa"
"Roma","Lazio",2,0,"H",1.37,1.11,0.4256,0.2686,0.3051,"H",2.7,2.88,3,0.3524,0.3304,0.3172,"H",0.0732,0.0618,0.0121,"Roma v Lazio"
"Empoli","Lecce",1,3,"A",1.01,1.01,0.3471,0.306,0.3468,"H",5.5,4.33,1.55,0.1719,0.2183,0.6098,"A",0.1752,0.0877,0.263,"Empoli v Lecce"
"Udinese","Atalanta",0,0,"D",1.17,1.8,0.2468,0.2318,0.5187,"A",5.25,3.5,1.73,0.1807,0.271,0.5483,"A",0.0661,0.0392,0.0296,"Udinese v Atalanta"
"Torino","Juventus",1,1,"D",0.8,0.96,0.2916,0.332,0.3763,"A",1.3,5.25,9,0.7184,0.1779,0.1038,"H",0.4268,0.1541,0.2725,"Torino v Juventus"
"Milan","Cagliari",1,1,"D",2.42,0.52,0.784,0.1432,0.0607,"H",2.45,3,3.2,0.3873,0.3163,0.2965,"H",0.3967,0.1731,0.2358,"Milan v Cagliari"
"Venezia","Inter",0,1,"A",0.74,3.28,0.0498,0.0959,0.8045,"A",2.7,3.1,2.75,0.3505,0.3053,0.3442,"H",0.3007,0.2094,0.4603,"Venezia v Inter"
"Bologna","Roma",2,2,"D",1.34,1.03,0.4385,0.2746,0.2863,"H",1.85,3.75,4,0.5113,0.2522,0.2365,"H",0.0728,0.0224,0.0498,"Bologna v Roma"
"Napoli","Verona",2,0,"H",1.84,0.83,0.6113,0.2225,0.1633,"H",3.25,3.4,2.2,0.2913,0.2784,0.4303,"A",0.32,0.0559,0.267,"Napoli v Verona"
"Monza","Fiorentina",2,1,"H",1.16,1.23,0.3456,0.2773,0.3765,"A",1.33,5.25,8,0.7044,0.1785,0.1171,"H",0.3588,0.0988,0.2594,"Monza v Fiorentina"
"Atalanta","Juventus",1,1,"D",1.44,1.39,0.3851,0.2515,0.3621,"H",3.6,3.4,2.1,0.265,0.2806,0.4543,"A",0.1201,0.0291,0.0922,"Atalanta v Juventus"
"Inter","Bologna",2,2,"D",2.35,0.71,0.7314,0.1639,0.0942,"H",5.5,4.1,1.57,0.1711,0.2295,0.5994,"A",0.5603,0.0656,0.5052,"Inter v Bologna"
"Roma","Genoa",3,1,"H",1.7,0.58,0.6442,0.2311,0.1228,"H",3.3,2.9,2.45,0.287,0.3265,0.3865,"A",0.3572,0.0954,0.2637,"Roma v Genoa"
"Bologna","Monza",3,1,"H",1.44,0.73,0.5384,0.2702,0.1907,"H",5.25,3.6,1.7,0.1803,0.2629,0.5568,"A",0.3581,0.00729999999999997,0.3661,"Bologna v Monza"
"Juventus","Milan",2,0,"H",1.4,1.02,0.4553,0.2693,0.2747,"H",5,3.6,1.73,0.1894,0.2631,0.5475,"A",0.2659,0.00619999999999998,0.2728,"Juventus v Milan"
"Atalanta","Napoli",2,3,"A",1.15,1.87,0.2339,0.226,0.5368,"A",1.53,4.2,6.25,0.6215,0.2264,0.1521,"H",0.3876,0.000399999999999984,0.3847,"Atalanta v Napoli"
"Fiorentina","Torino",1,1,"D",1.54,0.99,0.4983,0.2562,0.2443,"H",2.5,3.3,2.88,0.3809,0.2885,0.3306,"H",0.1174,0.0323,0.0863,"Fiorentina v Torino"
"Cagliari","Lecce",4,1,"H",1.12,1.1,0.3614,0.2896,0.3487,"H",1.29,5.5,11,0.7397,0.1735,0.0868,"H",0.3783,0.1161,0.2619,"Cagliari v Lecce"
"Verona","Lazio",0,3,"A",1.14,1.85,0.234,0.2274,0.5355,"A",6.25,3.5,1.65,0.1521,0.2716,0.5762,"A",0.0819,0.0442,0.0407000000000001,"Verona v Lazio"
"Inter","Empoli",3,1,"H",2.27,0.52,0.7633,0.1583,0.0695,"H",1.6,3.8,6,0.5925,0.2495,0.158,"H",0.1708,0.0912,0.0885,"Inter v Empoli"
"Torino","Cagliari",2,0,"H",1.4,0.52,0.5895,0.2741,0.1358,"H",1.2,6.5,15,0.7908,0.146,0.0633,"H",0.2013,0.1281,0.0725,"Torino v Cagliari"
"Napoli","Juventus",2,1,"H",1.31,1.13,0.4055,0.2726,0.3213,"H",2.55,2.9,3.1,0.3701,0.3254,0.3044,"H",0.0354,0.0528,0.0169,"Napoli v Juventus"
"Empoli","Bologna",1,1,"D",1.19,1.55,0.2906,0.251,0.457,"A",2.3,3.5,3,0.4126,0.2711,0.3163,"H",0.122,0.0201,0.1407,"Empoli v Bologna"
"Udinese","Roma",1,2,"A",1.34,1.6,0.3201,0.2435,0.4345,"A",6.5,4.75,1.44,0.1453,0.1988,0.6559,"A",0.1748,0.0447,0.2214,"Udinese v Roma"
"Lecce","Inter",0,4,"A",0.61,2.2,0.0887,0.1725,0.7313,"A",3,3.3,2.4,0.3165,0.2878,0.3957,"A",0.2278,0.1153,0.3356,"Lecce v Inter"
"Lazio","Fiorentina",1,2,"A",1.56,0.97,0.5107,0.2537,0.2343,"H",2.25,3.1,3.5,0.4222,0.3064,0.2714,"H",0.0885,0.0527,0.0371,"Lazio v Fiorentina"
"Venezia","Verona",1,1,"D",1.15,1.63,0.2695,0.2459,0.483,"A",1.27,5.5,11,0.7427,0.1715,0.0858,"H",0.4732,0.0744,0.3972,"Venezia v Verona"
"Genoa","Monza",2,0,"H",1.08,1.03,0.362,0.2987,0.3391,"H",1.95,3.3,4.2,0.4866,0.2875,0.2259,"H",0.1246,0.0112,0.1132,"Genoa v Monza"
"Monza","Verona",0,1,"A",1.31,1.03,0.4312,0.277,0.2912,"H",2.25,3.4,3.2,0.4229,0.2798,0.2973,"H",0.00830000000000003,0.00279999999999997,0.00609999999999999,"Monza v Verona"
"Udinese","Venezia",3,2,"H",1.62,0.76,0.5771,0.2469,0.1745,"H",1.7,3.7,5,0.5557,0.2553,0.1889,"H",0.0214,0.00840000000000002,0.0144,"Udinese v Venezia"
"Atalanta","Torino",1,1,"D",1.63,1.1,0.4941,0.2466,0.2577,"H",1.5,4.1,7,0.6329,0.2315,0.1356,"H",0.1388,0.0151,0.1221,"Atalanta v Torino"
"Juventus","Empoli",4,1,"H",1.57,0.51,0.6336,0.2472,0.118,"H",2.3,3.1,3.4,0.4135,0.3068,0.2797,"H",0.2201,0.0596,0.1617,"Juventus v Empoli"
"Fiorentina","Genoa",2,1,"H",1.94,0.74,0.6519,0.2088,0.1355,"H",2.88,3.25,2.55,0.3316,0.2939,0.3745,"A",0.3203,0.0851,0.239,"Fiorentina v Genoa"
"Milan","Inter",1,1,"D",1.25,1.41,0.3326,0.2595,0.4069,"A",3,3,2.55,0.3148,0.3148,0.3704,"A",0.0178,0.0553,0.0365,"Milan v Inter"
"Roma","Napoli",1,1,"D",0.96,1.31,0.2718,0.28,0.4477,"A",2.4,3.25,3,0.3939,0.2909,0.3152,"H",0.1221,0.0109,0.1325,"Roma v Napoli"
"Cagliari","Lazio",1,2,"A",1.07,2.17,0.1768,0.1985,0.6176,"A",2.63,3,2.9,0.3593,0.3149,0.3258,"H",0.1825,0.1164,0.2918,"Cagliari v Lazio"
"Fiorentina","Inter",3,0,"H",1.23,1.84,0.2535,0.228,0.5153,"A",1.85,3.4,4.5,0.5114,0.2783,0.2103,"H",0.2579,0.0503,0.305,"Fiorentina v Inter"
"Verona","Atalanta",0,5,"A",1.1,1.91,0.2143,0.2216,0.5604,"A",2.55,3.1,3,0.3742,0.3078,0.318,"H",0.1599,0.0862,0.2424,"Verona v Atalanta"
"Empoli","Milan",0,2,"A",1.02,2.3,0.154,0.186,0.6506,"A",1.9,3.4,4.2,0.4972,0.2779,0.2249,"H",0.3432,0.0919,0.4257,"Empoli v Milan"
"Torino","Genoa",1,1,"D",1.14,0.57,0.4981,0.318,0.1836,"H",2,3.1,4.33,0.4746,0.3062,0.2192,"H",0.0235,0.0118,0.0356,"Torino v Genoa"
"Venezia","Roma",0,1,"A",1.03,2.34,0.1514,0.1828,0.6555,"A",5.25,3.8,1.65,0.1797,0.2483,0.5719,"A",0.0283,0.0655,0.0836,"Venezia v Roma"
"Lazio","Monza",5,1,"H",1.7,0.83,0.5771,0.2387,0.1823,"H",5,3.2,1.8,0.1873,0.2926,0.5202,"A",0.3898,0.0539,0.3379,"Lazio v Monza"
"Lecce","Bologna",0,0,"D",0.96,1.32,0.271,0.2792,0.4494,"A",1.33,5,9.5,0.7112,0.1892,0.0996,"H",0.4402,0.09,0.3498,"Lecce v Bologna"
"Napoli","Udinese",1,1,"D",1.74,0.91,0.5656,0.2358,0.1964,"H",1.91,3.5,4,0.4943,0.2697,0.236,"H",0.0713,0.0339,0.0396,"Napoli v Udinese"
"Inter","Fiorentina",2,1,"H",2.08,0.7,0.6903,0.1908,0.1132,"H",11,5.25,1.29,0.086,0.1803,0.7337,"A",0.6043,0.0105,0.6205,"Inter v Fiorentina"
"Bologna","Torino",3,2,"H",1.2,0.78,0.4602,0.3009,0.2386,"H",2.8,3.2,2.6,0.3388,0.2964,0.3648,"A",0.1214,0.0045,0.1262,"Bologna v Torino"
"Atalanta","Cagliari",0,0,"D",2.51,0.75,0.7433,0.1525,0.0898,"H",1.25,5.5,13,0.7556,0.1717,0.0727,"H",0.0123000000000001,0.0192,0.0171,"Atalanta v Cagliari"
"Lazio","Napoli",2,2,"D",1.01,1.5,0.2548,0.2599,0.4843,"A",4.2,3.5,1.85,0.2237,0.2684,0.5079,"A",0.0311,0.00850000000000001,0.0236,"Lazio v Napoli"
"Milan","Verona",1,0,"H",1.95,0.7,0.6663,0.205,0.1247,"H",4.2,3.5,1.9,0.2267,0.2721,0.5012,"A",0.4396,0.0671,0.3765,"Milan v Verona"
"Monza","Lecce",0,0,"D",1.12,0.81,0.4277,0.3094,0.2627,"H",2.1,3.25,3.7,0.4517,0.2919,0.2564,"H",0.024,0.0175,0.00629999999999997,"Monza v Lecce"
"Udinese","Empoli",3,0,"H",1.44,1,0.4737,0.2654,0.26,"H",1.48,4.2,7,0.6395,0.2253,0.1352,"H",0.1658,0.0401,0.1248,"Udinese v Empoli"
"Juventus","Inter",1,0,"H",1.04,1.15,0.3259,0.2915,0.3823,"A",1.5,4.1,6.5,0.6263,0.2291,0.1445,"H",0.3004,0.0624,0.2378,"Juventus v Inter"
"Genoa","Venezia",2,0,"H",1.21,0.69,0.4871,0.3025,0.2101,"H",1.6,3.75,6,0.5906,0.252,0.1575,"H",0.1035,0.0505,0.0526,"Genoa v Venezia"
"Lecce","Udinese",0,1,"A",0.9,1.21,0.2755,0.2942,0.4301,"A",2.15,3.3,3.4,0.4379,0.2853,0.2769,"H",0.1624,0.00890000000000002,0.1532,"Lecce v Udinese"
"Venezia","Lazio",0,0,"D",0.94,2.54,0.1174,0.1617,0.7055,"A",2.25,3.25,3.25,0.4194,0.2903,0.2903,"H",0.302,0.1286,0.4152,"Venezia v Lazio"
"Torino","Milan",2,1,"H",0.97,1.25,0.2879,0.2857,0.4259,"A",1.73,3.4,5.5,0.5484,0.2791,0.1725,"H",0.2605,0.00659999999999999,0.2534,"Torino v Milan"
"Inter","Genoa",1,0,"H",2.38,0.48,0.7883,0.1435,0.057,"H",1.95,3.3,4.1,0.4839,0.2859,0.2302,"H",0.3044,0.1424,0.1732,"Inter v Genoa"
"Verona","Fiorentina",1,0,"H",1.24,1.41,0.3304,0.2596,0.409,"A",2.15,3.7,3.1,0.4396,0.2555,0.3049,"H",0.1092,0.00409999999999999,0.1041,"Verona v Fiorentina"
"Empoli","Atalanta",0,5,"A",0.92,2.07,0.1587,0.2025,0.6333,"A",5,3.5,1.75,0.1892,0.2703,0.5405,"A",0.0305,0.0678,0.0928,"Empoli v Atalanta"
"Cagliari","Juventus",0,1,"A",0.93,1.9,0.1795,0.2192,0.5978,"A",1.25,5.75,13,0.7613,0.1655,0.0732,"H",0.5818,0.0537,0.5246,"Cagliari v Juventus"
"Roma","Monza",4,0,"H",1.61,0.73,0.583,0.2474,0.1682,"H",2.15,3.4,3.4,0.4416,0.2792,0.2792,"H",0.1414,0.0318,0.111,"Roma v Monza"
"Bologna","Milan",2,1,"H",1.29,1.28,0.3693,0.266,0.3639,"H",2.2,3.2,3.6,0.435,0.2991,0.2659,"H",0.0657,0.0331,0.098,"Bologna v Milan"
"Fiorentina","Lecce",1,0,"H",1.64,0.72,0.5925,0.2437,0.1622,"H",4.2,3.6,1.85,0.2254,0.2629,0.5117,"A",0.3671,0.0192,0.3495,"Fiorentina v Lecce"
"Atalanta","Venezia",0,0,"D",2.19,0.69,0.7101,0.179,0.1035,"H",2.15,3.1,3.8,0.4426,0.307,0.2504,"H",0.2675,0.128,0.1469,"Atalanta v Venezia"
"Napoli","Inter",1,1,"D",1.18,1.67,0.2695,0.242,0.4866,"A",3.8,3.3,2,0.2468,0.2842,0.469,"A",0.0227,0.0422,0.0176,"Napoli v Inter"
"Monza","Torino",0,2,"A",1.05,1.12,0.3373,0.2934,0.369,"A",1.3,6,8.5,0.7301,0.1582,0.1117,"H",0.3928,0.1352,0.2573,"Monza v Torino"
"Bologna","Cagliari",2,1,"H",1.85,0.53,0.6923,0.2074,0.0973,"H",3.3,3.3,2.25,0.2885,0.2885,0.4231,"A",0.4038,0.0811,0.3258,"Bologna v Cagliari"
"Genoa","Empoli",1,1,"D",1.08,0.9,0.3939,0.3082,0.2976,"H",9.5,5.25,1.33,0.1005,0.1818,0.7177,"A",0.2934,0.1264,0.4201,"Genoa v Empoli"
"Milan","Lazio",1,2,"A",1.59,1.09,0.4878,0.2499,0.2609,"H",2,3.5,3.8,0.4767,0.2724,0.2509,"H",0.0111,0.0225,0.01,"Milan v Lazio"
"Juventus","Verona",2,0,"H",1.62,0.57,0.6302,0.2411,0.1273,"H",2.15,3.5,3.25,0.4394,0.2699,0.2907,"H",0.1908,0.0288,0.1634,"Juventus v Verona"
"Cagliari","Genoa",1,1,"D",1.33,1.13,0.4108,0.2707,0.3178,"H",2.25,3,3.6,0.4211,0.3158,0.2632,"H",0.0103,0.0451,0.0546,"Cagliari v Genoa"
"Lecce","Milan",2,3,"A",0.82,1.95,0.1508,0.2107,0.6345,"A",2.15,3.4,3.5,0.4451,0.2815,0.2734,"H",0.2943,0.0708,0.3611,"Lecce v Milan"
"Inter","Monza",3,2,"H",2.26,0.6,0.7429,0.1657,0.0828,"H",2.3,3,3.5,0.4126,0.3163,0.2711,"H",0.3303,0.1506,0.1883,"Inter v Monza"
"Verona","Bologna",1,2,"A",1.41,1.43,0.3677,0.2508,0.3801,"A",1.83,3.4,4.5,0.5142,0.2767,0.2091,"H",0.1465,0.0259,0.171,"Verona v Bologna"
"Napoli","Fiorentina",2,1,"H",1.63,0.99,0.5224,0.2472,0.2289,"H",1.42,4.5,7.5,0.6645,0.2097,0.1258,"H",0.1421,0.0375,0.1031,"Napoli v Fiorentina"
"Empoli","Roma",0,1,"A",1.06,1.85,0.2157,0.2269,0.5543,"A",1.9,3.5,4.2,0.5012,0.2721,0.2267,"H",0.2855,0.0452,0.3276,"Empoli v Roma"
"Juventus","Atalanta",0,4,"A",1.27,0.92,0.4428,0.2866,0.2701,"H",1.36,4.75,9,0.6957,0.1992,0.1051,"H",0.2529,0.0874,0.165,"Juventus v Atalanta"
"Lazio","Udinese",1,1,"D",1.67,0.9,0.5535,0.243,0.2018,"H",1.65,3.9,5.25,0.5756,0.2435,0.1809,"H",0.0221,5e-04,0.0209,"Lazio v Udinese"
"Genoa","Lecce",2,1,"H",0.96,0.79,0.3794,0.3325,0.2881,"H",4,3.5,1.91,0.236,0.2697,0.4943,"A",0.1434,0.0628,0.2062,"Genoa v Lecce"
"Udinese","Verona",0,1,"A",1.5,1.11,0.4596,0.2576,0.2817,"H",3.1,3.2,2.38,0.3057,0.2961,0.3982,"A",0.1539,0.0385,0.1165,"Udinese v Verona"
"Torino","Empoli",1,0,"H",1.09,0.63,0.466,0.3247,0.2092,"H",3.9,3.4,2,0.2441,0.28,0.476,"A",0.2219,0.0447,0.2668,"Torino v Empoli"
"Venezia","Napoli",0,0,"D",0.66,3,0.0527,0.1081,0.8059,"A",3.6,3.5,2.05,0.2642,0.2718,0.464,"A",0.2115,0.1637,0.3419,"Venezia v Napoli"
"Bologna","Lazio",5,0,"H",1.22,1.11,0.385,0.2809,0.3337,"H",3.7,3.4,2.05,0.2569,0.2795,0.4636,"A",0.1281,0.00139999999999996,0.1299,"Bologna v Lazio"
"Roma","Cagliari",1,0,"H",2.08,0.53,0.7335,0.1796,0.0814,"H",6.25,4.1,1.53,0.1513,0.2306,0.6181,"A",0.5822,0.051,0.5367,"Roma v Cagliari"
"Fiorentina","Juventus",3,0,"H",1.36,1.25,0.3938,0.2629,0.3425,"H",5.5,3.8,1.65,0.173,0.2504,0.5766,"A",0.2208,0.0125,0.2341,"Fiorentina v Juventus"
"Atalanta","Inter",0,2,"A",1.3,2.04,0.2395,0.2132,0.5418,"A",2.2,3.1,3.6,0.4309,0.3058,0.2633,"H",0.1914,0.0926,0.2785,"Atalanta v Inter"
"Venezia","Bologna",0,1,"A",1.15,1.97,0.2186,0.2174,0.5596,"A",5,3.7,1.73,0.1908,0.2578,0.5514,"A",0.0278,0.0404,0.00819999999999999,"Venezia v Bologna"
"Juventus","Genoa",1,0,"H",1.64,0.47,0.6643,0.2335,0.1006,"H",1.85,3.6,4.1,0.5089,0.2615,0.2296,"H",0.1554,0.028,0.129,"Juventus v Genoa"
"Lecce","Roma",0,1,"A",0.86,1.57,0.2052,0.2536,0.54,"A",1.38,4.75,8.5,0.6883,0.2,0.1117,"H",0.4831,0.0536,0.4283,"Lecce v Roma"
"Cagliari","Monza",3,0,"H",1.26,1.43,0.3324,0.2578,0.4088,"A",4.2,3.5,1.91,0.2273,0.2728,0.4999,"A",0.1051,0.015,0.0911,"Cagliari v Monza"
"Fiorentina","Atalanta",1,0,"H",1.49,1.47,0.3812,0.2445,0.3725,"H",1.44,4.5,7.5,0.6614,0.2116,0.127,"H",0.2802,0.0329,0.2455,"Fiorentina v Atalanta"
"Inter","Udinese",2,1,"H",2.22,0.65,0.7256,0.1732,0.0934,"H",1.48,4.75,6.5,0.6497,0.2024,0.1479,"H",0.0759,0.0292,0.0545,"Inter v Udinese"
"Napoli","Milan",2,1,"H",1.59,1.48,0.402,0.2396,0.3563,"H",1.8,3.4,5,0.5293,0.2802,0.1905,"H",0.1273,0.0406,0.1658,"Napoli v Milan"
"Lazio","Torino",1,1,"D",1.42,0.88,0.4947,0.2704,0.2342,"H",1.44,4.75,6.5,0.6559,0.1988,0.1453,"H",0.1612,0.0716,0.0889,"Lazio v Torino"
"Genoa","Udinese",1,0,"H",1.06,1.11,0.3393,0.2937,0.3667,"A",2.63,3.2,2.8,0.3622,0.2977,0.3402,"H",0.0229,0.004,0.0265,"Genoa v Udinese"
"Milan","Fiorentina",2,2,"D",1.73,0.83,0.5836,0.2356,0.1787,"H",1.33,4.75,9.5,0.7042,0.1972,0.0986,"H",0.1206,0.0384,0.0801,"Milan v Fiorentina"
"Lecce","Venezia",1,1,"D",1.04,0.75,0.4162,0.3257,0.258,"H",2,3.5,3.75,0.4751,0.2715,0.2534,"H",0.0589,0.0542,0.00459999999999999,"Lecce v Venezia"
"Empoli","Cagliari",0,0,"D",1.47,0.95,0.4923,0.2639,0.2429,"H",2.7,3.2,2.7,0.3516,0.2967,0.3516,"A",0.1407,0.0328,0.1087,"Empoli v Cagliari"
"Torino","Verona",1,1,"D",1.13,0.7,0.4589,0.3145,0.2264,"H",1.8,3.5,4.75,0.5282,0.2716,0.2002,"H",0.0693,0.0429,0.0262,"Torino v Verona"
"Atalanta","Lazio",0,1,"A",1.65,1.58,0.3964,0.2329,0.3679,"H",3.6,3.5,2.05,0.2642,0.2718,0.464,"A",0.1322,0.0389,0.0961,"Atalanta v Lazio"
"Roma","Juventus",1,1,"D",1.19,0.98,0.4083,0.2917,0.2997,"H",3.4,3.2,2.25,0.2798,0.2973,0.4229,"A",0.1285,0.00559999999999999,0.1232,"Roma v Juventus"
"Bologna","Napoli",1,1,"D",0.85,1.31,0.2425,0.2837,0.4734,"A",1.85,3.4,4.5,0.5114,0.2783,0.2103,"H",0.2689,0.00540000000000002,0.2631,"Bologna v Napoli"
"Udinese","Milan",0,4,"A",1.29,1.99,0.2453,0.217,0.533,"A",3,3,2.6,0.3171,0.3171,0.3659,"A",0.0718,0.1001,0.1671,"Udinese v Milan"
"Venezia","Monza",1,0,"H",1.1,1.67,0.2512,0.2428,0.5041,"A",4,3.5,1.91,0.236,0.2697,0.4943,"A",0.0152,0.0269,0.00979999999999998,"Venezia v Monza"
"Inter","Cagliari",3,1,"H",2.92,0.43,0.8427,0.0954,0.0325,"H",5,4,1.67,0.1907,0.2384,0.5709,"A",0.652,0.143,0.5384,"Inter v Cagliari"
"Juventus","Lecce",2,1,"H",1.39,0.45,0.6049,0.2751,0.1194,"H",3.9,3.3,2,0.242,0.286,0.4719,"A",0.3629,0.0109,0.3525,"Juventus v Lecce"
"Atalanta","Bologna",2,0,"H",2.03,1.23,0.554,0.2138,0.2271,"H",1.27,5.25,13,0.7465,0.1806,0.0729,"H",0.1925,0.0332,0.1542,"Atalanta v Bologna"
"Verona","Genoa",0,0,"D",1.42,0.97,0.4749,0.2685,0.2559,"H",3.6,3,2.25,0.2632,0.3158,0.4211,"A",0.2117,0.0473,0.1652,"Verona v Genoa"
"Lazio","Roma",1,1,"D",1.59,1.17,0.4685,0.2489,0.2811,"H",4.33,3.4,1.9,0.2197,0.2797,0.5006,"A",0.2488,0.0308,0.2195,"Lazio v Roma"
"Napoli","Empoli",3,0,"H",1.78,0.74,0.6197,0.227,0.1509,"H",6.25,3.9,1.57,0.1519,0.2434,0.6047,"A",0.4678,0.0164,0.4538,"Napoli v Empoli"
"Monza","Napoli",0,1,"A",0.75,1.89,0.141,0.2143,0.6413,"A",4.1,3.5,1.9,0.231,0.2706,0.4984,"A",0.09,0.0563,0.1429,"Monza v Napoli"
"Roma","Verona",1,0,"H",1.68,0.71,0.6042,0.2383,0.1557,"H",1.33,4.75,11,0.7138,0.1999,0.0863,"H",0.1096,0.0384,0.0694,"Roma v Verona"
"Empoli","Venezia",2,2,"D",1.28,0.88,0.4583,0.2864,0.2549,"H",2.88,3.3,2.5,0.3306,0.2885,0.3809,"A",0.1277,0.00209999999999999,0.126,"Empoli v Venezia"
"Bologna","Inter",1,0,"H",0.96,1.44,0.2508,0.2669,0.4815,"A",1.75,3.4,5,0.5363,0.276,0.1877,"H",0.2855,0.0091,0.2938,"Bologna v Inter"
"Milan","Atalanta",0,1,"A",1.52,1.13,0.4623,0.2551,0.2814,"H",1.2,6.5,15,0.7908,0.146,0.0633,"H",0.3285,0.1091,0.2181,"Milan v Atalanta"
"Cagliari","Fiorentina",1,2,"A",1.16,1.66,0.2669,0.243,0.4882,"A",3.1,3.2,2.38,0.3057,0.2961,0.3982,"A",0.0388,0.0531,0.09,"Cagliari v Fiorentina"
"Genoa","Lazio",0,2,"A",0.91,1.57,0.2192,0.2535,0.526,"A",1.8,3.6,4.5,0.5263,0.2632,0.2105,"H",0.3071,0.00969999999999999,0.3155,"Genoa v Lazio"
"Torino","Udinese",2,0,"H",1.07,0.77,0.4192,0.3196,0.261,"H",4.1,3.3,1.95,0.2302,0.2859,0.4839,"A",0.189,0.0337,0.2229,"Torino v Udinese"
"Venezia","Milan",0,2,"A",0.99,2.91,0.0982,0.1367,0.7358,"A",1.57,3.75,6.5,0.6023,0.2522,0.1455,"H",0.5041,0.1155,0.5903,"Venezia v Milan"
"Fiorentina","Empoli",2,1,"H",1.85,0.82,0.6152,0.2215,0.1603,"H",1.91,3.1,4.75,0.4955,0.3053,0.1992,"H",0.1197,0.0838,0.0389,"Fiorentina v Empoli"
"Inter","Roma",0,1,"A",2.11,0.84,0.66,0.1955,0.1385,"H",1.87,3.6,4,0.5033,0.2614,0.2353,"H",0.1567,0.0659,0.0968,"Inter v Roma"
"Juventus","Monza",2,0,"H",1.56,0.59,0.61,0.2511,0.1377,"H",2.05,3.6,3.5,0.464,0.2642,0.2718,"H",0.146,0.0131,0.1341,"Juventus v Monza"
"Atalanta","Lecce",1,1,"D",1.73,0.8,0.5936,0.2342,0.17,"H",1.3,5,12,0.7308,0.19,0.0792,"H",0.1372,0.0442,0.0908,"Atalanta v Lecce"
"Napoli","Torino",2,0,"H",1.48,0.9,0.5063,0.2636,0.2292,"H",2.45,3,3.2,0.3873,0.3163,0.2965,"H",0.119,0.0527,0.0673,"Napoli v Torino"
"Udinese","Bologna",0,0,"D",1.5,1.35,0.4079,0.2498,0.3409,"H",1.57,3.8,6.5,0.6043,0.2497,0.146,"H",0.1964,9.9999999999989e-05,0.1949,"Udinese v Bologna"
"Verona","Cagliari",0,2,"A",1.74,0.87,0.5771,0.2347,0.186,"H",3,3.25,2.4,0.3152,0.2909,0.3939,"A",0.2619,0.0562,0.2079,"Verona v Cagliari"
"Torino","Venezia",1,1,"D",1.22,0.48,0.5492,0.3057,0.1449,"H",4.75,3.6,1.75,0.1987,0.2621,0.5392,"A",0.3505,0.0436,0.3943,"Torino v Venezia"
"Cagliari","Udinese",1,2,"A",1.24,1.54,0.3064,0.2509,0.4414,"A",1.14,7,21,0.8216,0.1338,0.0446,"H",0.5152,0.1171,0.3968,"Cagliari v Udinese"
"Lecce","Napoli",0,1,"A",0.55,2.01,0.0899,0.1892,0.7163,"A",5.25,3.3,1.75,0.1789,0.2846,0.5366,"A",0.089,0.0954,0.1797,"Lecce v Napoli"
"Inter","Verona",1,0,"H",2.35,0.58,0.7599,0.155,0.0745,"H",1.55,4,6.25,0.6114,0.2369,0.1516,"H",0.1485,0.0819,0.0771,"Inter v Verona"
"Empoli","Lazio",0,1,"A",0.97,2,0.1748,0.2103,0.6103,"A",3.9,3.3,2,0.242,0.286,0.4719,"A",0.0672,0.0757,0.1384,"Empoli v Lazio"
"Monza","Atalanta",0,4,"A",1.02,1.66,0.2337,0.2443,0.5203,"A",2.5,3.25,2.88,0.3792,0.2917,0.3291,"H",0.1455,0.0474,0.1912,"Monza v Atalanta"
"Roma","Fiorentina",1,0,"H",1.48,0.85,0.52,0.2635,0.2156,"H",1.73,3.5,5.25,0.5483,0.271,0.1807,"H",0.0283,0.00750000000000001,0.0349,"Roma v Fiorentina"
"Bologna","Juventus",1,1,"D",1.06,0.98,0.3698,0.3047,0.3253,"H",2.15,2.9,4.2,0.4438,0.329,0.2272,"H",0.074,0.0243,0.0981,"Bologna v Juventus"
"Genoa","Milan",1,2,"A",0.97,1.8,0.2001,0.2301,0.5671,"A",3.1,3,2.45,0.3032,0.3133,0.3836,"A",0.1031,0.0832,0.1835,"Genoa v Milan"
"Milan","Bologna",3,1,"H",1.95,0.85,0.6292,0.2114,0.1553,"H",1.73,3.5,5,0.5434,0.2686,0.188,"H",0.0858,0.0572,0.0327,"Milan v Bologna"
"Lazio","Juventus",1,1,"D",1.26,1.11,0.3957,0.2779,0.326,"H",1.8,3.6,4.5,0.5263,0.2632,0.2105,"H",0.1306,0.0147,0.1155,"Lazio v Juventus"
"Udinese","Monza",1,2,"A",1.44,1.14,0.4373,0.2618,0.3,"H",1.8,3.3,5,0.5248,0.2863,0.1889,"H",0.0875,0.0245,0.1111,"Udinese v Monza"
"Verona","Lecce",1,1,"D",1.2,0.93,0.421,0.293,0.2858,"H",5.75,4.33,1.53,0.1643,0.2182,0.6175,"A",0.2567,0.0748,0.3317,"Verona v Lecce"
"Torino","Inter",0,2,"A",0.72,1.41,0.192,0.2737,0.5336,"A",2.4,3.1,3.25,0.398,0.3081,0.2939,"H",0.206,0.0344,0.2397,"Torino v Inter"
"Napoli","Genoa",2,2,"D",1.87,0.67,0.655,0.2141,0.1278,"H",1.55,4.2,5.75,0.6103,0.2252,0.1645,"H",0.0447000000000001,0.0111,0.0367,"Napoli v Genoa"
"Venezia","Fiorentina",2,1,"H",1.02,1.94,0.1933,0.2176,0.5851,"A",3.4,3.2,2.25,0.2798,0.2973,0.4229,"A",0.0865,0.0797,0.1622,"Venezia v Fiorentina"
"Atalanta","Roma",2,1,"H",1.81,1.46,0.4587,0.2277,0.3102,"H",2.55,3.3,2.8,0.3727,0.288,0.3394,"H",0.086,0.0603,0.0292,"Atalanta v Roma"
"Genoa","Atalanta",2,3,"A",0.87,1.62,0.202,0.2477,0.5489,"A",1.75,3.3,5.25,0.5366,0.2846,0.1789,"H",0.3346,0.0369,0.37,"Genoa v Atalanta"
"Cagliari","Venezia",3,0,"H",1.42,0.95,0.4782,0.2689,0.2521,"H",5,3.5,1.75,0.1892,0.2703,0.5405,"A",0.289,0.00140000000000001,0.2884,"Cagliari v Venezia"
"Fiorentina","Bologna",3,2,"H",1.92,1.11,0.5592,0.2212,0.2158,"H",1.53,3.9,7,0.6208,0.2435,0.1357,"H",0.0616,0.0223,0.0801,"Fiorentina v Bologna"
"Inter","Lazio",2,2,"D",1.92,0.91,0.6052,0.2173,0.1738,"H",4.75,3.5,1.75,0.1972,0.2676,0.5352,"A",0.408,0.0503,0.3614,"Inter v Lazio"
"Juventus","Udinese",2,0,"H",1.53,0.63,0.5904,0.2563,0.1522,"H",1.67,3.5,5.5,0.5616,0.2679,0.1705,"H",0.0288,0.0116000000000001,0.0183,"Juventus v Udinese"
"Lecce","Torino",1,0,"H",0.77,1.19,0.2389,0.3031,0.4577,"A",3.75,3.3,2.05,0.2522,0.2866,0.4613,"A",0.0133,0.0165,0.00359999999999999,"Lecce v Torino"
"Monza","Empoli",1,3,"A",1.27,0.92,0.4441,0.2864,0.2691,"H",1.4,4.33,8.5,0.672,0.2173,0.1107,"H",0.2279,0.0691,0.1584,"Monza v Empoli"
"Roma","Milan",3,1,"H",1.45,1.28,0.41,0.2559,0.333,"H",1.91,3.7,3.75,0.4937,0.2549,0.2515,"H",0.0837000000000001,0.001,0.0815,"Roma v Milan"
"Napoli","Cagliari",2,0,"H",2.28,0.61,0.7442,0.1639,0.0828,"H",2.4,3.1,3.1,0.3924,0.3038,0.3038,"H",0.3518,0.1399,0.221,"Napoli v Cagliari"
"Bologna","Genoa",1,3,"A",1.51,0.58,0.6,0.2576,0.1414,"H",1.75,3.3,5.25,0.5366,0.2846,0.1789,"H",0.0634,0.027,0.0375,"Bologna v Genoa"
"Milan","Monza",2,0,"H",1.87,0.72,0.6457,0.215,0.1361,"H",2.45,2.88,3.4,0.3889,0.3308,0.2802,"H",0.2568,0.1158,0.1441,"Milan v Monza"
"Empoli","Verona",1,2,"A",1.19,1.28,0.3407,0.2715,0.3872,"A",5,3.8,1.7,0.1902,0.2503,0.5595,"A",0.1505,0.0212,0.1723,"Empoli v Verona"
"Lazio","Lecce",0,1,"A",1.51,0.64,0.583,0.2589,0.1571,"H",6.5,4.5,1.48,0.1463,0.2113,0.6424,"A",0.4367,0.0476,0.4853,"Lazio v Lecce"
"Torino","Roma",0,2,"A",1.01,1.01,0.3486,0.3068,0.3445,"H",1.9,3.5,4.2,0.5012,0.2721,0.2267,"H",0.1526,0.0347,0.1178,"Torino v Roma"
"Udinese","Fiorentina",2,3,"A",1.32,1.33,0.368,0.261,0.3701,"A",2.3,3.1,3.4,0.4135,0.3068,0.2797,"H",0.0455,0.0458,0.0904,"Udinese v Fiorentina"
"Venezia","Juventus",2,3,"A",0.82,2.23,0.123,0.1828,0.6863,"A",2.45,3,3.1,0.3836,0.3133,0.3032,"H",0.2606,0.1305,0.3831,"Venezia v Juventus"
